C-17 POPULATION BY BILINGUALISM AND TRILINGUALISM,Unnamed: 1,Unnamed: 2,Unnamed: 3,Unnamed: 4,Unnamed: 5,Unnamed: 6,Unnamed: 7,Unnamed: 8,Unnamed: 9,Unnamed: 10,Unnamed: 11,Unnamed: 12,Unnamed: 13,Unnamed: 14,Unnamed: 15,Unnamed: 16
,,,,,,,,,,,,,,,,
State,State name,Total speakers of languages,,,,,Number of speakers speaking subsidiary languages      (1st language),,,,,Number of speakers speaking subsidiary languages      (2nd language),,,,
code,,Code,Name,Persons,Males,Females,Code,1 st subsidiary languages,Persons,Males,Females,Code,2nd subsidiary languages,Persons,Males,Females
1,2,3,4,5,6,7,8,9,10,11,12,13,14,15,16,17
,,,,,,,,,,,,,,,,
35,ANDAMAN & NICOBAR ISLANDS,001000,ASSAMESE,115,80,35,,,,,,,,,,
35,ANDAMAN & NICOBAR ISLANDS,,,,,,002000,BENGALI ,4,4,0,,,,,
35,ANDAMAN & NICOBAR ISLANDS,,,,,,,,,,,006000,HINDI ,2,2,0
35,ANDAMAN & NICOBAR ISLANDS,,,,,,,,,,,040000,ENGLISH ,2,2,0
35,ANDAMAN & NICOBAR ISLANDS,,,,,,006000,HINDI ,83,61,22,,,,,
35,ANDAMAN & NICOBAR ISLANDS,,,,,,,,,,,002000,BENGALI ,8,6,2
35,ANDAMAN & NICOBAR ISLANDS,,,,,,,,,,,014000,NEPALI ,1,1,0
35,ANDAMAN & NICOBAR ISLANDS,,,,,,,,,,,040000,ENGLISH ,34,28,6
35,ANDAMAN & NICOBAR ISLANDS,,,,,,,,,,,093000,NICOBARESE ,1,0,1
35,ANDAMAN & NICOBAR ISLANDS,,,,,,040000,ENGLISH ,18,10,8,,,,,
35,ANDAMAN & NICOBAR ISLANDS,,,,,,,,,,,002000,BENGALI ,2,2,0
35,ANDAMAN & NICOBAR ISLANDS,,,,,,,,,,,006000,HINDI ,14,7,7
35,ANDAMAN & NICOBAR ISLANDS,,,,,,,,,,,011000,MALAYALAM,1,0,1
35,ANDAMAN & NICOBAR ISLANDS,002000,BENGALI ,108432,58748,49684,,,,,,,,,,
35,ANDAMAN & NICOBAR ISLANDS,,,,,,001000,ASSAMESE,21,17,4,,,,,
35,ANDAMAN & NICOBAR ISLANDS,,,,,,,,,,,006000,HINDI ,5,3,2
35,ANDAMAN & NICOBAR ISLANDS,,,,,,,,,,,014000,NEPALI ,1,1,0
35,ANDAMAN & NICOBAR ISLANDS,,,,,,,,,,,040000,ENGLISH ,1,1,0
35,ANDAMAN & NICOBAR ISLANDS,,,,,,005000,GUJARATI,1,1,0,,,,,
35,ANDAMAN & NICOBAR ISLANDS,,,,,,006000,HINDI ,74610,42668,31942,,,,,
35,ANDAMAN & NICOBAR ISLANDS,,,,,,,,,,,001000,ASSAMESE,51,47,4
35,ANDAMAN & NICOBAR ISLANDS,,,,,,,,,,,005000,GUJARATI,7,4,3
35,ANDAMAN & NICOBAR ISLANDS,,,,,,,,,,,007000,KANNADA,2,0,2
35,ANDAMAN & NICOBAR ISLANDS,,,,,,,,,,,011000,MALAYALAM,40,22,18
35,ANDAMAN & NICOBAR ISLANDS,,,,,,,,,,,013000,MARATHI ,9,6,3
35,ANDAMAN & NICOBAR ISLANDS,,,,,,,,,,,014000,NEPALI ,6,4,2
35,ANDAMAN & NICOBAR ISLANDS,,,,,,,,,,,015000,ODIA ,51,33,18
35,ANDAMAN & NICOBAR ISLANDS,,,,,,,,,,,016000,PUNJABI ,7,4,3
35,ANDAMAN & NICOBAR ISLANDS,,,,,,,,,,,017000,SANSKRIT ,3,3,0
35,ANDAMAN & NICOBAR ISLANDS,,,,,,,,,,,020000,TAMIL ,290,206,84
35,ANDAMAN & NICOBAR ISLANDS,,,,,,,,,,,021000,TELUGU ,60,38,22
35,ANDAMAN & NICOBAR ISLANDS,,,,,,,,,,,022000,URDU,24,18,6
35,ANDAMAN & NICOBAR ISLANDS,,,,,,,,,,,023000,ADI ,1,1,0
35,ANDAMAN & NICOBAR ISLANDS,,,,,,,,,,,028000,ARABIC/ARBI ,4,2,2
35,ANDAMAN & NICOBAR ISLANDS,,,,,,,,,,,032000,BHUMIJ ,2,2,0
35,ANDAMAN & NICOBAR ISLANDS,,,,,,,,,,,040000,ENGLISH ,18462,10647,7815
35,ANDAMAN & NICOBAR ISLANDS,,,,,,,,,,,072000,KURUKH/ORAON ,3,1,2
35,ANDAMAN & NICOBAR ISLANDS,,,,,,,,,,,075000,LAHNDA ,1,0,1
35,ANDAMAN & NICOBAR ISLANDS,,,,,,,,,,,091000,MUNDA,1,1,0
35,ANDAMAN & NICOBAR ISLANDS,,,,,,,,,,,093000,NICOBARESE ,6,3,3
35,ANDAMAN & NICOBAR ISLANDS,,,,,,,,,,,124000,OTHERS,25,14,11
35,ANDAMAN & NICOBAR ISLANDS,,,,,,007000,KANNADA,1,1,0,,,,,
35,ANDAMAN & NICOBAR ISLANDS,,,,,,011000,MALAYALAM,7,5,2,,,,,
35,ANDAMAN & NICOBAR ISLANDS,,,,,,,,,,,006000,HINDI ,2,2,0
35,ANDAMAN & NICOBAR ISLANDS,,,,,,,,,,,020000,TAMIL ,1,0,1
35,ANDAMAN & NICOBAR ISLANDS,,,,,,,,,,,040000,ENGLISH ,4,3,1
35,ANDAMAN & NICOBAR ISLANDS,,,,,,015000,ODIA ,23,16,7,,,,,
35,ANDAMAN & NICOBAR ISLANDS,,,,,,,,,,,006000,HINDI ,10,9,1
35,ANDAMAN & NICOBAR ISLANDS,,,,,,,,,,,040000,ENGLISH ,1,1,0
35,ANDAMAN & NICOBAR ISLANDS,,,,,,016000,PUNJABI ,4,0,4,,,,,
35,ANDAMAN & NICOBAR ISLANDS,,,,,,,,,,,006000,HINDI ,2,0,2
35,ANDAMAN & NICOBAR ISLANDS,,,,,,018000,SANTALI ,2,2,0,,,,,
35,ANDAMAN & NICOBAR ISLANDS,,,,,,,,,,,006000,HINDI ,1,1,0
35,ANDAMAN & NICOBAR ISLANDS,,,,,,020000,TAMIL ,36,21,15,,,,,
35,ANDAMAN & NICOBAR ISLANDS,,,,,,,,,,,006000,HINDI ,16,9,7
35,ANDAMAN & NICOBAR ISLANDS,,,,,,,,,,,021000,TELUGU ,1,1,0
35,ANDAMAN & NICOBAR ISLANDS,,,,,,,,,,,040000,ENGLISH ,10,5,5
35,ANDAMAN & NICOBAR ISLANDS,,,,,,021000,TELUGU ,8,5,3,,,,,
35,ANDAMAN & NICOBAR ISLANDS,,,,,,,,,,,006000,HINDI ,3,2,1
35,ANDAMAN & NICOBAR ISLANDS,,,,,,,,,,,020000,TAMIL ,1,0,1
35,ANDAMAN & NICOBAR ISLANDS,,,,,,,,,,,040000,ENGLISH ,1,0,1
35,ANDAMAN & NICOBAR ISLANDS,,,,,,022000,URDU,24,13,11,,,,,
35,ANDAMAN & NICOBAR ISLANDS,,,,,,,,,,,006000,HINDI ,9,5,4
35,ANDAMAN & NICOBAR ISLANDS,,,,,,,,,,,028000,ARABIC/ARBI ,1,1,0
35,ANDAMAN & NICOBAR ISLANDS,,,,,,,,,,,040000,ENGLISH ,5,2,3
35,ANDAMAN & NICOBAR ISLANDS,,,,,,028000,ARABIC/ARBI ,2,2,0,,,,,
35,ANDAMAN & NICOBAR ISLANDS,,,,,,040000,ENGLISH ,4075,2300,1775,,,,,
35,ANDAMAN & NICOBAR ISLANDS,,,,,,,,,,,001000,ASSAMESE,1,1,0
35,ANDAMAN & NICOBAR ISLANDS,,,,,,,,,,,006000,HINDI ,2375,1330,1045
35,ANDAMAN & NICOBAR ISLANDS,,,,,,,,,,,007000,KANNADA,1,1,0
35,ANDAMAN & NICOBAR ISLANDS,,,,,,,,,,,011000,MALAYALAM,1,1,0
35,ANDAMAN & NICOBAR ISLANDS,,,,,,,,,,,017000,SANSKRIT ,2,2,0
35,ANDAMAN & NICOBAR ISLANDS,,,,,,,,,,,020000,TAMIL ,9,3,6
35,ANDAMAN & NICOBAR ISLANDS,,,,,,,,,,,021000,TELUGU ,1,1,0
35,ANDAMAN & NICOBAR ISLANDS,,,,,,,,,,,022000,URDU,1,1,0
35,ANDAMAN & NICOBAR ISLANDS,,,,,,,,,,,124000,OTHERS,1,1,0
35,ANDAMAN & NICOBAR ISLANDS,,,,,,093000,NICOBARESE ,1,0,1,,,,,
35,ANDAMAN & NICOBAR ISLANDS,,,,,,124000,OTHERS,2,0,2,,,,,
35,ANDAMAN & NICOBAR ISLANDS,003000,BODO ,5,5,0,,,,,,,,,,
35,ANDAMAN & NICOBAR ISLANDS,,,,,,006000,HINDI ,5,5,0,,,,,
35,ANDAMAN & NICOBAR ISLANDS,,,,,,,,,,,001000,ASSAMESE,1,1,0
35,ANDAMAN & NICOBAR ISLANDS,,,,,,,,,,,040000,ENGLISH ,3,3,0
35,ANDAMAN & NICOBAR ISLANDS,004000,DOGRI ,67,53,14,,,,,,,,,,
35,ANDAMAN & NICOBAR ISLANDS,,,,,,006000,HINDI ,57,46,11,,,,,
35,ANDAMAN & NICOBAR ISLANDS,,,,,,,,,,,016000,PUNJABI ,8,7,1
35,ANDAMAN & NICOBAR ISLANDS,,,,,,,,,,,022000,URDU,1,1,0
35,ANDAMAN & NICOBAR ISLANDS,,,,,,,,,,,040000,ENGLISH ,28,21,7
35,ANDAMAN & NICOBAR ISLANDS,,,,,,016000,PUNJABI ,4,3,1,,,,,
35,ANDAMAN & NICOBAR ISLANDS,,,,,,,,,,,006000,HINDI ,2,1,1
35,ANDAMAN & NICOBAR ISLANDS,,,,,,040000,ENGLISH ,4,3,1,,,,,
35,ANDAMAN & NICOBAR ISLANDS,,,,,,,,,,,006000,HINDI ,2,2,0
35,ANDAMAN & NICOBAR ISLANDS,,,,,,,,,,,022000,URDU,1,1,0
35,ANDAMAN & NICOBAR ISLANDS,005000,GUJARATI,241,155,86,,,,,,,,,,
35,ANDAMAN & NICOBAR ISLANDS,,,,,,002000,BENGALI ,2,1,1,,,,,
35,ANDAMAN & NICOBAR ISLANDS,,,,,,,,,,,006000,HINDI ,2,1,1
35,ANDAMAN & NICOBAR ISLANDS,,,,,,006000,HINDI ,176,113,63,,,,,
35,ANDAMAN & NICOBAR ISLANDS,,,,,,,,,,,013000,MARATHI ,7,6,1
35,ANDAMAN & NICOBAR ISLANDS,,,,,,,,,,,020000,TAMIL ,2,1,1
35,ANDAMAN & NICOBAR ISLANDS,,,,,,,,,,,022000,URDU,8,5,3
35,ANDAMAN & NICOBAR ISLANDS,,,,,,,,,,,040000,ENGLISH ,76,54,22
35,ANDAMAN & NICOBAR ISLANDS,,,,,,020000,TAMIL ,1,1,0,,,,,
35,ANDAMAN & NICOBAR ISLANDS,,,,,,,,,,,006000,HINDI ,1,1,0
35,ANDAMAN & NICOBAR ISLANDS,,,,,,022000,URDU,3,1,2,,,,,
35,ANDAMAN & NICOBAR ISLANDS,,,,,,,,,,,006000,HINDI ,1,1,0
35,ANDAMAN & NICOBAR ISLANDS,,,,,,040000,ENGLISH ,29,19,10,,,,,
35,ANDAMAN & NICOBAR ISLANDS,,,,,,,,,,,006000,HINDI ,16,13,3
35,ANDAMAN & NICOBAR ISLANDS,006000,HINDI ,73424,39790,33634,,,,,,,,,,
35,ANDAMAN & NICOBAR ISLANDS,,,,,,001000,ASSAMESE,3,1,2,,,,,
35,ANDAMAN & NICOBAR ISLANDS,,,,,,,,,,,040000,ENGLISH ,2,1,1
35,ANDAMAN & NICOBAR ISLANDS,,,,,,002000,BENGALI ,1202,663,539,,,,,
35,ANDAMAN & NICOBAR ISLANDS,,,,,,,,,,,001000,ASSAMESE,1,1,0
35,ANDAMAN & NICOBAR ISLANDS,,,,,,,,,,,011000,MALAYALAM,7,5,2
35,ANDAMAN & NICOBAR ISLANDS,,,,,,,,,,,014000,NEPALI ,4,4,0
35,ANDAMAN & NICOBAR ISLANDS,,,,,,,,,,,015000,ODIA ,8,7,1
35,ANDAMAN & NICOBAR ISLANDS,,,,,,,,,,,016000,PUNJABI ,1,1,0
35,ANDAMAN & NICOBAR ISLANDS,,,,,,,,,,,020000,TAMIL ,61,44,17
35,ANDAMAN & NICOBAR ISLANDS,,,,,,,,,,,021000,TELUGU ,4,3,1
35,ANDAMAN & NICOBAR ISLANDS,,,,,,,,,,,022000,URDU,10,7,3
35,ANDAMAN & NICOBAR ISLANDS,,,,,,,,,,,040000,ENGLISH ,213,113,100
35,ANDAMAN & NICOBAR ISLANDS,,,,,,,,,,,093000,NICOBARESE ,1,0,1
35,ANDAMAN & NICOBAR ISLANDS,,,,,,,,,,,124000,OTHERS,7,4,3
35,ANDAMAN & NICOBAR ISLANDS,,,,,,004000,DOGRI ,2,1,1,,,,,
35,ANDAMAN & NICOBAR ISLANDS,,,,,,,,,,,016000,PUNJABI ,2,1,1
35,ANDAMAN & NICOBAR ISLANDS,,,,,,005000,GUJARATI,26,17,9,,,,,
35,ANDAMAN & NICOBAR ISLANDS,,,,,,,,,,,013000,MARATHI ,1,0,1
35,ANDAMAN & NICOBAR ISLANDS,,,,,,,,,,,040000,ENGLISH ,7,6,1
35,ANDAMAN & NICOBAR ISLANDS,,,,,,007000,KANNADA,3,1,2,,,,,
35,ANDAMAN & NICOBAR ISLANDS,,,,,,,,,,,040000,ENGLISH ,2,1,1
35,ANDAMAN & NICOBAR ISLANDS,,,,,,009000,KONKANI,2,2,0,,,,,
35,ANDAMAN & NICOBAR ISLANDS,,,,,,010000,MAITHILI ,13,7,6,,,,,
35,ANDAMAN & NICOBAR ISLANDS,,,,,,011000,MALAYALAM,512,232,280,,,,,
35,ANDAMAN & NICOBAR ISLANDS,,,,,,,,,,,002000,BENGALI ,5,4,1
35,ANDAMAN & NICOBAR ISLANDS,,,,,,,,,,,007000,KANNADA,1,0,1
35,ANDAMAN & NICOBAR ISLANDS,,,,,,,,,,,020000,TAMIL ,39,20,19
35,ANDAMAN & NICOBAR ISLANDS,,,,,,,,,,,021000,TELUGU ,4,3,1
35,ANDAMAN & NICOBAR ISLANDS,,,,,,,,,,,022000,URDU,3,2,1
35,ANDAMAN & NICOBAR ISLANDS,,,,,,,,,,,040000,ENGLISH ,78,35,43
35,ANDAMAN & NICOBAR ISLANDS,,,,,,012000,MANIPURI ,1,1,0,,,,,
35,ANDAMAN & NICOBAR ISLANDS,,,,,,013000,MARATHI ,43,24,19,,,,,
35,ANDAMAN & NICOBAR ISLANDS,,,,,,,,,,,005000,GUJARATI,2,2,0
35,ANDAMAN & NICOBAR ISLANDS,,,,,,,,,,,007000,KANNADA,1,0,1
35,ANDAMAN & NICOBAR ISLANDS,,,,,,,,,,,010000,MAITHILI ,1,1,0
35,ANDAMAN & NICOBAR ISLANDS,,,,,,,,,,,040000,ENGLISH ,23,12,11
35,ANDAMAN & NICOBAR ISLANDS,,,,,,014000,NEPALI ,21,13,8,,,,,
35,ANDAMAN & NICOBAR ISLANDS,,,,,,,,,,,040000,ENGLISH ,5,4,1
35,ANDAMAN & NICOBAR ISLANDS,,,,,,015000,ODIA ,59,46,13,,,,,
35,ANDAMAN & NICOBAR ISLANDS,,,,,,,,,,,002000,BENGALI ,9,7,2
35,ANDAMAN & NICOBAR ISLANDS,,,,,,,,,,,040000,ENGLISH ,19,15,4
35,ANDAMAN & NICOBAR ISLANDS,,,,,,,,,,,124000,OTHERS,1,1,0
35,ANDAMAN & NICOBAR ISLANDS,,,,,,016000,PUNJABI ,121,76,45,,,,,
35,ANDAMAN & NICOBAR ISLANDS,,,,,,,,,,,002000,BENGALI ,4,3,1
35,ANDAMAN & NICOBAR ISLANDS,,,,,,,,,,,004000,DOGRI ,1,0,1
35,ANDAMAN & NICOBAR ISLANDS,,,,,,,,,,,013000,MARATHI ,1,1,0
35,ANDAMAN & NICOBAR ISLANDS,,,,,,,,,,,019000,SINDHI,1,0,1
35,ANDAMAN & NICOBAR ISLANDS,,,,,,,,,,,020000,TAMIL ,1,1,0
35,ANDAMAN & NICOBAR ISLANDS,,,,,,,,,,,040000,ENGLISH ,54,35,19
35,ANDAMAN & NICOBAR ISLANDS,,,,,,017000,SANSKRIT ,23,20,3,,,,,
35,ANDAMAN & NICOBAR ISLANDS,,,,,,,,,,,040000,ENGLISH ,11,10,1
35,ANDAMAN & NICOBAR ISLANDS,,,,,,018000,SANTALI ,1,1,0,,,,,
35,ANDAMAN & NICOBAR ISLANDS,,,,,,019000,SINDHI,1,0,1,,,,,
35,ANDAMAN & NICOBAR ISLANDS,,,,,,,,,,,040000,ENGLISH ,1,0,1
35,ANDAMAN & NICOBAR ISLANDS,,,,,,020000,TAMIL ,852,488,364,,,,,
35,ANDAMAN & NICOBAR ISLANDS,,,,,,,,,,,002000,BENGALI ,62,36,26
35,ANDAMAN & NICOBAR ISLANDS,,,,,,,,,,,011000,MALAYALAM,44,23,21
35,ANDAMAN & NICOBAR ISLANDS,,,,,,,,,,,013000,MARATHI ,1,1,0
35,ANDAMAN & NICOBAR ISLANDS,,,,,,,,,,,014000,NEPALI ,2,1,1
35,ANDAMAN & NICOBAR ISLANDS,,,,,,,,,,,021000,TELUGU ,39,22,17
35,ANDAMAN & NICOBAR ISLANDS,,,,,,,,,,,022000,URDU,1,1,0
35,ANDAMAN & NICOBAR ISLANDS,,,,,,,,,,,040000,ENGLISH ,158,90,68
35,ANDAMAN & NICOBAR ISLANDS,,,,,,,,,,,093000,NICOBARESE ,1,1,0
35,ANDAMAN & NICOBAR ISLANDS,,,,,,,,,,,124000,OTHERS,3,2,1
35,ANDAMAN & NICOBAR ISLANDS,,,,,,021000,TELUGU ,188,80,108,,,,,
35,ANDAMAN & NICOBAR ISLANDS,,,,,,,,,,,002000,BENGALI ,2,1,1
35,ANDAMAN & NICOBAR ISLANDS,,,,,,,,,,,011000,MALAYALAM,3,0,3
35,ANDAMAN & NICOBAR ISLANDS,,,,,,,,,,,020000,TAMIL ,20,12,8
35,ANDAMAN & NICOBAR ISLANDS,,,,,,,,,,,040000,ENGLISH ,22,10,12
35,ANDAMAN & NICOBAR ISLANDS,,,,,,022000,URDU,414,237,177,,,,,
35,ANDAMAN & NICOBAR ISLANDS,,,,,,,,,,,002000,BENGALI ,4,3,1
35,ANDAMAN & NICOBAR ISLANDS,,,,,,,,,,,011000,MALAYALAM,2,1,1
35,ANDAMAN & NICOBAR ISLANDS,,,,,,,,,,,016000,PUNJABI ,1,1,0
35,ANDAMAN & NICOBAR ISLANDS,,,,,,,,,,,020000,TAMIL ,3,1,2
35,ANDAMAN & NICOBAR ISLANDS,,,,,,,,,,,028000,ARABIC/ARBI ,7,3,4
35,ANDAMAN & NICOBAR ISLANDS,,,,,,,,,,,040000,ENGLISH ,117,75,42
35,ANDAMAN & NICOBAR ISLANDS,,,,,,023000,ADI ,1,1,0,,,,,
35,ANDAMAN & NICOBAR ISLANDS,,,,,,028000,ARABIC/ARBI ,16,5,11,,,,,
35,ANDAMAN & NICOBAR ISLANDS,,,,,,,,,,,020000,TAMIL ,1,1,0
35,ANDAMAN & NICOBAR ISLANDS,,,,,,,,,,,022000,URDU,1,1,0
35,ANDAMAN & NICOBAR ISLANDS,,,,,,,,,,,040000,ENGLISH ,4,1,3
35,ANDAMAN & NICOBAR ISLANDS,,,,,,039000,DIMASA ,1,0,1,,,,,
35,ANDAMAN & NICOBAR ISLANDS,,,,,,,,,,,002000,BENGALI ,1,0,1
35,ANDAMAN & NICOBAR ISLANDS,,,,,,040000,ENGLISH ,16962,9457,7505,,,,,
35,ANDAMAN & NICOBAR ISLANDS,,,,,,,,,,,001000,ASSAMESE,2,2,0
35,ANDAMAN & NICOBAR ISLANDS,,,,,,,,,,,002000,BENGALI ,360,214,146
35,ANDAMAN & NICOBAR ISLANDS,,,,,,,,,,,004000,DOGRI ,1,1,0
35,ANDAMAN & NICOBAR ISLANDS,,,,,,,,,,,005000,GUJARATI,17,10,7
35,ANDAMAN & NICOBAR ISLANDS,,,,,,,,,,,007000,KANNADA,8,3,5
35,ANDAMAN & NICOBAR ISLANDS,,,,,,,,,,,009000,KONKANI,1,1,0
35,ANDAMAN & NICOBAR ISLANDS,,,,,,,,,,,010000,MAITHILI ,7,5,2
35,ANDAMAN & NICOBAR ISLANDS,,,,,,,,,,,011000,MALAYALAM,79,30,49
35,ANDAMAN & NICOBAR ISLANDS,,,,,,,,,,,013000,MARATHI ,28,16,12
35,ANDAMAN & NICOBAR ISLANDS,,,,,,,,,,,014000,NEPALI ,3,2,1
35,ANDAMAN & NICOBAR ISLANDS,,,,,,,,,,,015000,ODIA ,12,9,3
35,ANDAMAN & NICOBAR ISLANDS,,,,,,,,,,,016000,PUNJABI ,119,80,39
35,ANDAMAN & NICOBAR ISLANDS,,,,,,,,,,,017000,SANSKRIT ,77,53,24
35,ANDAMAN & NICOBAR ISLANDS,,,,,,,,,,,020000,TAMIL ,279,179,100
35,ANDAMAN & NICOBAR ISLANDS,,,,,,,,,,,021000,TELUGU ,46,22,24
35,ANDAMAN & NICOBAR ISLANDS,,,,,,,,,,,022000,URDU,224,138,86
35,ANDAMAN & NICOBAR ISLANDS,,,,,,,,,,,028000,ARABIC/ARBI ,5,4,1
35,ANDAMAN & NICOBAR ISLANDS,,,,,,,,,,,072000,KURUKH/ORAON ,10,7,3
35,ANDAMAN & NICOBAR ISLANDS,,,,,,,,,,,093000,NICOBARESE ,10,6,4
35,ANDAMAN & NICOBAR ISLANDS,,,,,,,,,,,124000,OTHERS,55,38,17
35,ANDAMAN & NICOBAR ISLANDS,,,,,,054000,KHARIA ,37,20,17,,,,,
35,ANDAMAN & NICOBAR ISLANDS,,,,,,,,,,,040000,ENGLISH ,1,1,0
35,ANDAMAN & NICOBAR ISLANDS,,,,,,072000,KURUKH/ORAON ,210,111,99,,,,,
35,ANDAMAN & NICOBAR ISLANDS,,,,,,,,,,,002000,BENGALI ,2,0,2
35,ANDAMAN & NICOBAR ISLANDS,,,,,,,,,,,020000,TAMIL ,1,1,0
35,ANDAMAN & NICOBAR ISLANDS,,,,,,,,,,,040000,ENGLISH ,12,8,4
35,ANDAMAN & NICOBAR ISLANDS,,,,,,,,,,,091000,MUNDA,1,0,1
35,ANDAMAN & NICOBAR ISLANDS,,,,,,091000,MUNDA,28,13,15,,,,,
35,ANDAMAN & NICOBAR ISLANDS,,,,,,,,,,,002000,BENGALI ,1,0,1
35,ANDAMAN & NICOBAR ISLANDS,,,,,,,,,,,054000,KHARIA ,1,1,0
35,ANDAMAN & NICOBAR ISLANDS,,,,,,092000,MUNDARI ,9,6,3,,,,,
35,ANDAMAN & NICOBAR ISLANDS,,,,,,093000,NICOBARESE ,18,5,13,,,,,
35,ANDAMAN & NICOBAR ISLANDS,,,,,,,,,,,020000,TAMIL ,1,0,1
35,ANDAMAN & NICOBAR ISLANDS,,,,,,,,,,,040000,ENGLISH ,5,1,4
35,ANDAMAN & NICOBAR ISLANDS,,,,,,,,,,,124000,OTHERS,1,0,1
35,ANDAMAN & NICOBAR ISLANDS,,,,,,124000,OTHERS,214,104,110,,,,,
35,ANDAMAN & NICOBAR ISLANDS,,,,,,,,,,,002000,BENGALI ,13,8,5
35,ANDAMAN & NICOBAR ISLANDS,,,,,,,,,,,011000,MALAYALAM,2,1,1
35,ANDAMAN & NICOBAR ISLANDS,,,,,,,,,,,014000,NEPALI ,1,1,0
35,ANDAMAN & NICOBAR ISLANDS,,,,,,,,,,,015000,ODIA ,2,2,0
35,ANDAMAN & NICOBAR ISLANDS,,,,,,,,,,,020000,TAMIL ,2,2,0
35,ANDAMAN & NICOBAR ISLANDS,,,,,,,,,,,021000,TELUGU ,1,0,1
35,ANDAMAN & NICOBAR ISLANDS,,,,,,,,,,,022000,URDU,1,1,0
35,ANDAMAN & NICOBAR ISLANDS,,,,,,,,,,,040000,ENGLISH ,28,15,13
35,ANDAMAN & NICOBAR ISLANDS,007000,KANNADA,239,138,101,,,,,,,,,,
35,ANDAMAN & NICOBAR ISLANDS,,,,,,006000,HINDI ,169,103,66,,,,,
35,ANDAMAN & NICOBAR ISLANDS,,,,,,,,,,,009000,KONKANI,1,1,0
35,ANDAMAN & NICOBAR ISLANDS,,,,,,,,,,,011000,MALAYALAM,2,1,1
35,ANDAMAN & NICOBAR ISLANDS,,,,,,,,,,,013000,MARATHI ,3,2,1
35,ANDAMAN & NICOBAR ISLANDS,,,,,,,,,,,020000,TAMIL ,28,15,13
35,ANDAMAN & NICOBAR ISLANDS,,,,,,,,,,,021000,TELUGU ,2,2,0
35,ANDAMAN & NICOBAR ISLANDS,,,,,,,,,,,040000,ENGLISH ,83,50,33
35,ANDAMAN & NICOBAR ISLANDS,,,,,,009000,KONKANI,3,2,1,,,,,
35,ANDAMAN & NICOBAR ISLANDS,,,,,,,,,,,040000,ENGLISH ,2,2,0
35,ANDAMAN & NICOBAR ISLANDS,,,,,,013000,MARATHI ,1,1,0,,,,,
35,ANDAMAN & NICOBAR ISLANDS,,,,,,,,,,,006000,HINDI ,1,1,0
35,ANDAMAN & NICOBAR ISLANDS,,,,,,020000,TAMIL ,10,6,4,,,,,
35,ANDAMAN & NICOBAR ISLANDS,,,,,,,,,,,006000,HINDI ,2,2,0
35,ANDAMAN & NICOBAR ISLANDS,,,,,,,,,,,021000,TELUGU ,1,1,0
35,ANDAMAN & NICOBAR ISLANDS,,,,,,,,,,,040000,ENGLISH ,4,2,2
35,ANDAMAN & NICOBAR ISLANDS,,,,,,021000,TELUGU ,1,1,0,,,,,
35,ANDAMAN & NICOBAR ISLANDS,,,,,,,,,,,040000,ENGLISH ,1,1,0
35,ANDAMAN & NICOBAR ISLANDS,,,,,,040000,ENGLISH ,29,14,15,,,,,
35,ANDAMAN & NICOBAR ISLANDS,,,,,,,,,,,006000,HINDI ,23,11,12
35,ANDAMAN & NICOBAR ISLANDS,,,,,,,,,,,020000,TAMIL ,1,1,0
35,ANDAMAN & NICOBAR ISLANDS,008000,KASHMIRI ,34,26,8,,,,,,,,,,
35,ANDAMAN & NICOBAR ISLANDS,,,,,,006000,HINDI ,21,14,7,,,,,
35,ANDAMAN & NICOBAR ISLANDS,,,,,,,,,,,022000,URDU,3,2,1
35,ANDAMAN & NICOBAR ISLANDS,,,,,,,,,,,040000,ENGLISH ,6,6,0
35,ANDAMAN & NICOBAR ISLANDS,,,,,,016000,PUNJABI ,1,1,0,,,,,
35,ANDAMAN & NICOBAR ISLANDS,,,,,,,,,,,040000,ENGLISH ,1,1,0
35,ANDAMAN & NICOBAR ISLANDS,,,,,,022000,URDU,4,4,0,,,,,
35,ANDAMAN & NICOBAR ISLANDS,,,,,,,,,,,040000,ENGLISH ,4,4,0
35,ANDAMAN & NICOBAR ISLANDS,,,,,,040000,ENGLISH ,7,7,0,,,,,
35,ANDAMAN & NICOBAR ISLANDS,,,,,,,,,,,006000,HINDI ,3,3,0
35,ANDAMAN & NICOBAR ISLANDS,,,,,,,,,,,022000,URDU,3,3,0
35,ANDAMAN & NICOBAR ISLANDS,009000,KONKANI,99,49,50,,,,,,,,,,
35,ANDAMAN & NICOBAR ISLANDS,,,,,,006000,HINDI ,76,38,38,,,,,
35,ANDAMAN & NICOBAR ISLANDS,,,,,,,,,,,011000,MALAYALAM,1,0,1
35,ANDAMAN & NICOBAR ISLANDS,,,,,,,,,,,020000,TAMIL ,4,2,2
35,ANDAMAN & NICOBAR ISLANDS,,,,,,,,,,,040000,ENGLISH ,36,19,17
35,ANDAMAN & NICOBAR ISLANDS,,,,,,007000,KANNADA,3,2,1,,,,,
35,ANDAMAN & NICOBAR ISLANDS,,,,,,,,,,,006000,HINDI ,1,1,0
35,ANDAMAN & NICOBAR ISLANDS,,,,,,,,,,,040000,ENGLISH ,2,1,1
35,ANDAMAN & NICOBAR ISLANDS,,,,,,040000,ENGLISH ,14,6,8,,,,,
35,ANDAMAN & NICOBAR ISLANDS,,,,,,,,,,,006000,HINDI ,12,4,8
35,ANDAMAN & NICOBAR ISLANDS,010000,MAITHILI ,134,77,57,,,,,,,,,,
35,ANDAMAN & NICOBAR ISLANDS,,,,,,006000,HINDI ,107,64,43,,,,,
35,ANDAMAN & NICOBAR ISLANDS,,,,,,,,,,,015000,ODIA ,1,1,0
35,ANDAMAN & NICOBAR ISLANDS,,,,,,,,,,,040000,ENGLISH ,55,38,17
35,ANDAMAN & NICOBAR ISLANDS,,,,,,040000,ENGLISH ,4,2,2,,,,,
35,ANDAMAN & NICOBAR ISLANDS,,,,,,,,,,,006000,HINDI ,1,1,0
35,ANDAMAN & NICOBAR ISLANDS,011000,MALAYALAM,27475,13995,13480,,,,,,,,,,
35,ANDAMAN & NICOBAR ISLANDS,,,,,,001000,ASSAMESE,1,1,0,,,,,
35,ANDAMAN & NICOBAR ISLANDS,,,,,,,,,,,040000,ENGLISH ,1,1,0
35,ANDAMAN & NICOBAR ISLANDS,,,,,,002000,BENGALI ,14,5,9,,,,,
35,ANDAMAN & NICOBAR ISLANDS,,,,,,,,,,,006000,HINDI ,6,2,4
35,ANDAMAN & NICOBAR ISLANDS,,,,,,,,,,,020000,TAMIL ,2,0,2
35,ANDAMAN & NICOBAR ISLANDS,,,,,,,,,,,040000,ENGLISH ,3,1,2
35,ANDAMAN & NICOBAR ISLANDS,,,,,,006000,HINDI ,21730,11190,10540,,,,,
35,ANDAMAN & NICOBAR ISLANDS,,,,,,,,,,,002000,BENGALI ,96,57,39
35,ANDAMAN & NICOBAR ISLANDS,,,,,,,,,,,005000,GUJARATI,1,0,1
35,ANDAMAN & NICOBAR ISLANDS,,,,,,,,,,,007000,KANNADA,3,3,0
35,ANDAMAN & NICOBAR ISLANDS,,,,,,,,,,,013000,MARATHI ,4,0,4
35,ANDAMAN & NICOBAR ISLANDS,,,,,,,,,,,016000,PUNJABI ,1,0,1
35,ANDAMAN & NICOBAR ISLANDS,,,,,,,,,,,020000,TAMIL ,1903,1132,771
35,ANDAMAN & NICOBAR ISLANDS,,,,,,,,,,,021000,TELUGU ,50,30,20
35,ANDAMAN & NICOBAR ISLANDS,,,,,,,,,,,022000,URDU,33,16,17
35,ANDAMAN & NICOBAR ISLANDS,,,,,,,,,,,028000,ARABIC/ARBI ,58,32,26
35,ANDAMAN & NICOBAR ISLANDS,,,,,,,,,,,040000,ENGLISH ,8991,4740,4251
35,ANDAMAN & NICOBAR ISLANDS,,,,,,,,,,,093000,NICOBARESE ,3,1,2
35,ANDAMAN & NICOBAR ISLANDS,,,,,,,,,,,124000,OTHERS,4,4,0
35,ANDAMAN & NICOBAR ISLANDS,,,,,,007000,KANNADA,4,3,1,,,,,
35,ANDAMAN & NICOBAR ISLANDS,,,,,,,,,,,040000,ENGLISH ,3,2,1
35,ANDAMAN & NICOBAR ISLANDS,,,,,,016000,PUNJABI ,1,1,0,,,,,
35,ANDAMAN & NICOBAR ISLANDS,,,,,,,,,,,020000,TAMIL ,1,1,0
35,ANDAMAN & NICOBAR ISLANDS,,,,,,017000,SANSKRIT ,1,1,0,,,,,
35,ANDAMAN & NICOBAR ISLANDS,,,,,,,,,,,040000,ENGLISH ,1,1,0
35,ANDAMAN & NICOBAR ISLANDS,,,,,,020000,TAMIL ,313,159,154,,,,,
35,ANDAMAN & NICOBAR ISLANDS,,,,,,,,,,,002000,BENGALI ,1,0,1
35,ANDAMAN & NICOBAR ISLANDS,,,,,,,,,,,006000,HINDI ,169,86,83
35,ANDAMAN & NICOBAR ISLANDS,,,,,,,,,,,007000,KANNADA,1,1,0
35,ANDAMAN & NICOBAR ISLANDS,,,,,,,,,,,021000,TELUGU ,13,7,6
35,ANDAMAN & NICOBAR ISLANDS,,,,,,,,,,,028000,ARABIC/ARBI ,1,1,0
35,ANDAMAN & NICOBAR ISLANDS,,,,,,,,,,,040000,ENGLISH ,39,23,16
35,ANDAMAN & NICOBAR ISLANDS,,,,,,021000,TELUGU ,10,6,4,,,,,
35,ANDAMAN & NICOBAR ISLANDS,,,,,,,,,,,002000,BENGALI ,1,1,0
35,ANDAMAN & NICOBAR ISLANDS,,,,,,,,,,,006000,HINDI ,3,3,0
35,ANDAMAN & NICOBAR ISLANDS,,,,,,,,,,,020000,TAMIL ,2,1,1
35,ANDAMAN & NICOBAR ISLANDS,,,,,,,,,,,040000,ENGLISH ,1,0,1
35,ANDAMAN & NICOBAR ISLANDS,,,,,,022000,URDU,11,5,6,,,,,
35,ANDAMAN & NICOBAR ISLANDS,,,,,,,,,,,006000,HINDI ,5,1,4
35,ANDAMAN & NICOBAR ISLANDS,,,,,,,,,,,040000,ENGLISH ,1,1,0
35,ANDAMAN & NICOBAR ISLANDS,,,,,,028000,ARABIC/ARBI ,33,15,18,,,,,
35,ANDAMAN & NICOBAR ISLANDS,,,,,,,,,,,006000,HINDI ,5,3,2
35,ANDAMAN & NICOBAR ISLANDS,,,,,,,,,,,020000,TAMIL ,2,2,0
35,ANDAMAN & NICOBAR ISLANDS,,,,,,,,,,,040000,ENGLISH ,5,3,2
35,ANDAMAN & NICOBAR ISLANDS,,,,,,040000,ENGLISH ,2006,1066,940,,,,,
35,ANDAMAN & NICOBAR ISLANDS,,,,,,,,,,,006000,HINDI ,1475,812,663
35,ANDAMAN & NICOBAR ISLANDS,,,,,,,,,,,020000,TAMIL ,58,38,20
35,ANDAMAN & NICOBAR ISLANDS,,,,,,,,,,,021000,TELUGU ,2,1,1
35,ANDAMAN & NICOBAR ISLANDS,,,,,,,,,,,022000,URDU,2,1,1
35,ANDAMAN & NICOBAR ISLANDS,,,,,,,,,,,028000,ARABIC/ARBI ,1,0,1
35,ANDAMAN & NICOBAR ISLANDS,,,,,,,,,,,124000,OTHERS,1,0,1
35,ANDAMAN & NICOBAR ISLANDS,,,,,,093000,NICOBARESE ,1,0,1,,,,,
35,ANDAMAN & NICOBAR ISLANDS,,,,,,,,,,,006000,HINDI ,1,0,1
35,ANDAMAN & NICOBAR ISLANDS,,,,,,124000,OTHERS,2,2,0,,,,,
35,ANDAMAN & NICOBAR ISLANDS,012000,MANIPURI ,43,34,9,,,,,,,,,,
35,ANDAMAN & NICOBAR ISLANDS,,,,,,006000,HINDI ,22,15,7,,,,,
35,ANDAMAN & NICOBAR ISLANDS,,,,,,,,,,,016000,PUNJABI ,1,0,1
35,ANDAMAN & NICOBAR ISLANDS,,,,,,,,,,,040000,ENGLISH ,17,12,5
35,ANDAMAN & NICOBAR ISLANDS,,,,,,040000,ENGLISH ,16,14,2,,,,,
35,ANDAMAN & NICOBAR ISLANDS,,,,,,,,,,,006000,HINDI ,13,11,2
35,ANDAMAN & NICOBAR ISLANDS,013000,MARATHI ,639,388,251,,,,,,,,,,
35,ANDAMAN & NICOBAR ISLANDS,,,,,,006000,HINDI ,498,304,194,,,,,
35,ANDAMAN & NICOBAR ISLANDS,,,,,,,,,,,002000,BENGALI ,5,2,3
35,ANDAMAN & NICOBAR ISLANDS,,,,,,,,,,,005000,GUJARATI,1,1,0
35,ANDAMAN & NICOBAR ISLANDS,,,,,,,,,,,007000,KANNADA,2,2,0
35,ANDAMAN & NICOBAR ISLANDS,,,,,,,,,,,011000,MALAYALAM,1,1,0
35,ANDAMAN & NICOBAR ISLANDS,,,,,,,,,,,014000,NEPALI ,1,1,0
35,ANDAMAN & NICOBAR ISLANDS,,,,,,,,,,,016000,PUNJABI ,2,1,1
35,ANDAMAN & NICOBAR ISLANDS,,,,,,,,,,,017000,SANSKRIT ,2,1,1
35,ANDAMAN & NICOBAR ISLANDS,,,,,,,,,,,020000,TAMIL ,6,5,1
35,ANDAMAN & NICOBAR ISLANDS,,,,,,,,,,,040000,ENGLISH ,228,149,79
35,ANDAMAN & NICOBAR ISLANDS,,,,,,016000,PUNJABI ,1,0,1,,,,,
35,ANDAMAN & NICOBAR ISLANDS,,,,,,,,,,,006000,HINDI ,1,0,1
35,ANDAMAN & NICOBAR ISLANDS,,,,,,020000,TAMIL ,2,2,0,,,,,
35,ANDAMAN & NICOBAR ISLANDS,,,,,,,,,,,006000,HINDI ,1,1,0
35,ANDAMAN & NICOBAR ISLANDS,,,,,,,,,,,011000,MALAYALAM,1,1,0
35,ANDAMAN & NICOBAR ISLANDS,,,,,,021000,TELUGU ,1,1,0,,,,,
35,ANDAMAN & NICOBAR ISLANDS,,,,,,,,,,,040000,ENGLISH ,1,1,0
35,ANDAMAN & NICOBAR ISLANDS,,,,,,040000,ENGLISH ,52,37,15,,,,,
35,ANDAMAN & NICOBAR ISLANDS,,,,,,,,,,,006000,HINDI ,40,28,12
35,ANDAMAN & NICOBAR ISLANDS,,,,,,124000,OTHERS,2,1,1,,,,,
35,ANDAMAN & NICOBAR ISLANDS,,,,,,,,,,,006000,HINDI ,2,1,1
35,ANDAMAN & NICOBAR ISLANDS,014000,NEPALI ,949,551,398,,,,,,,,,,
35,ANDAMAN & NICOBAR ISLANDS,,,,,,001000,ASSAMESE,1,0,1,,,,,
35,ANDAMAN & NICOBAR ISLANDS,,,,,,006000,HINDI ,782,456,326,,,,,
35,ANDAMAN & NICOBAR ISLANDS,,,,,,,,,,,001000,ASSAMESE,3,3,0
35,ANDAMAN & NICOBAR ISLANDS,,,,,,,,,,,002000,BENGALI ,14,10,4
35,ANDAMAN & NICOBAR ISLANDS,,,,,,,,,,,012000,MANIPURI ,1,0,1
35,ANDAMAN & NICOBAR ISLANDS,,,,,,,,,,,020000,TAMIL ,7,3,4
35,ANDAMAN & NICOBAR ISLANDS,,,,,,,,,,,021000,TELUGU ,1,1,0
35,ANDAMAN & NICOBAR ISLANDS,,,,,,,,,,,040000,ENGLISH ,150,101,49
35,ANDAMAN & NICOBAR ISLANDS,,,,,,,,,,,124000,OTHERS,1,1,0
35,ANDAMAN & NICOBAR ISLANDS,,,,,,020000,TAMIL ,1,1,0,,,,,
35,ANDAMAN & NICOBAR ISLANDS,,,,,,,,,,,006000,HINDI ,1,1,0
35,ANDAMAN & NICOBAR ISLANDS,,,,,,040000,ENGLISH ,26,15,11,,,,,
35,ANDAMAN & NICOBAR ISLANDS,,,,,,,,,,,006000,HINDI ,13,10,3
35,ANDAMAN & NICOBAR ISLANDS,015000,ODIA ,1106,751,355,,,,,,,,,,
35,ANDAMAN & NICOBAR ISLANDS,,,,,,002000,BENGALI ,26,17,9,,,,,
35,ANDAMAN & NICOBAR ISLANDS,,,,,,,,,,,006000,HINDI ,16,12,4
35,ANDAMAN & NICOBAR ISLANDS,,,,,,006000,HINDI ,849,589,260,,,,,
35,ANDAMAN & NICOBAR ISLANDS,,,,,,,,,,,002000,BENGALI ,34,25,9
35,ANDAMAN & NICOBAR ISLANDS,,,,,,,,,,,017000,SANSKRIT ,2,2,0
35,ANDAMAN & NICOBAR ISLANDS,,,,,,,,,,,020000,TAMIL ,6,3,3
35,ANDAMAN & NICOBAR ISLANDS,,,,,,,,,,,021000,TELUGU ,16,12,4
35,ANDAMAN & NICOBAR ISLANDS,,,,,,,,,,,028000,ARABIC/ARBI ,1,1,0
35,ANDAMAN & NICOBAR ISLANDS,,,,,,,,,,,040000,ENGLISH ,307,216,91
35,ANDAMAN & NICOBAR ISLANDS,,,,,,,,,,,093000,NICOBARESE ,1,1,0
35,ANDAMAN & NICOBAR ISLANDS,,,,,,,,,,,124000,OTHERS,2,2,0
35,ANDAMAN & NICOBAR ISLANDS,,,,,,021000,TELUGU ,8,4,4,,,,,
35,ANDAMAN & NICOBAR ISLANDS,,,,,,,,,,,006000,HINDI ,5,2,3
35,ANDAMAN & NICOBAR ISLANDS,,,,,,,,,,,040000,ENGLISH ,1,1,0
35,ANDAMAN & NICOBAR ISLANDS,,,,,,022000,URDU,2,1,1,,,,,
35,ANDAMAN & NICOBAR ISLANDS,,,,,,,,,,,040000,ENGLISH ,2,1,1
35,ANDAMAN & NICOBAR ISLANDS,,,,,,040000,ENGLISH ,78,61,17,,,,,
35,ANDAMAN & NICOBAR ISLANDS,,,,,,,,,,,006000,HINDI ,56,46,10
35,ANDAMAN & NICOBAR ISLANDS,,,,,,,,,,,021000,TELUGU ,1,1,0
35,ANDAMAN & NICOBAR ISLANDS,016000,PUNJABI ,1565,855,710,,,,,,,,,,
35,ANDAMAN & NICOBAR ISLANDS,,,,,,002000,BENGALI ,2,1,1,,,,,
35,ANDAMAN & NICOBAR ISLANDS,,,,,,,,,,,006000,HINDI ,2,1,1
35,ANDAMAN & NICOBAR ISLANDS,,,,,,004000,DOGRI ,1,1,0,,,,,
35,ANDAMAN & NICOBAR ISLANDS,,,,,,,,,,,006000,HINDI ,1,1,0
35,ANDAMAN & NICOBAR ISLANDS,,,,,,006000,HINDI ,1263,698,565,,,,,
35,ANDAMAN & NICOBAR ISLANDS,,,,,,,,,,,002000,BENGALI ,9,5,4
35,ANDAMAN & NICOBAR ISLANDS,,,,,,,,,,,004000,DOGRI ,2,2,0
35,ANDAMAN & NICOBAR ISLANDS,,,,,,,,,,,011000,MALAYALAM,2,1,1
35,ANDAMAN & NICOBAR ISLANDS,,,,,,,,,,,020000,TAMIL ,9,5,4
35,ANDAMAN & NICOBAR ISLANDS,,,,,,,,,,,022000,URDU,2,2,0
35,ANDAMAN & NICOBAR ISLANDS,,,,,,,,,,,040000,ENGLISH ,569,320,249
35,ANDAMAN & NICOBAR ISLANDS,,,,,,,,,,,093000,NICOBARESE ,1,1,0
35,ANDAMAN & NICOBAR ISLANDS,,,,,,013000,MARATHI ,2,1,1,,,,,
35,ANDAMAN & NICOBAR ISLANDS,,,,,,,,,,,006000,HINDI ,2,1,1
35,ANDAMAN & NICOBAR ISLANDS,,,,,,020000,TAMIL ,1,0,1,,,,,
35,ANDAMAN & NICOBAR ISLANDS,,,,,,,,,,,006000,HINDI ,1,0,1
35,ANDAMAN & NICOBAR ISLANDS,,,,,,040000,ENGLISH ,115,65,50,,,,,
35,ANDAMAN & NICOBAR ISLANDS,,,,,,,,,,,002000,BENGALI ,1,1,0
35,ANDAMAN & NICOBAR ISLANDS,,,,,,,,,,,006000,HINDI ,78,45,33
35,ANDAMAN & NICOBAR ISLANDS,017000,SANSKRIT ,1,1,0,,,,,,,,,,
35,ANDAMAN & NICOBAR ISLANDS,,,,,,006000,HINDI ,1,1,0,,,,,
35,ANDAMAN & NICOBAR ISLANDS,018000,SANTALI ,307,280,27,,,,,,,,,,
35,ANDAMAN & NICOBAR ISLANDS,,,,,,002000,BENGALI ,6,5,1,,,,,
35,ANDAMAN & NICOBAR ISLANDS,,,,,,,,,,,006000,HINDI ,4,3,1
35,ANDAMAN & NICOBAR ISLANDS,,,,,,006000,HINDI ,194,170,24,,,,,
35,ANDAMAN & NICOBAR ISLANDS,,,,,,,,,,,002000,BENGALI ,7,4,3
35,ANDAMAN & NICOBAR ISLANDS,,,,,,,,,,,015000,ODIA ,1,1,0
35,ANDAMAN & NICOBAR ISLANDS,,,,,,,,,,,040000,ENGLISH ,16,12,4
35,ANDAMAN & NICOBAR ISLANDS,,,,,,040000,ENGLISH ,2,2,0,,,,,
35,ANDAMAN & NICOBAR ISLANDS,,,,,,,,,,,006000,HINDI ,2,2,0
35,ANDAMAN & NICOBAR ISLANDS,,,,,,091000,MUNDA,1,1,0,,,,,
35,ANDAMAN & NICOBAR ISLANDS,019000,SINDHI,14,8,6,,,,,,,,,,
35,ANDAMAN & NICOBAR ISLANDS,,,,,,006000,HINDI ,9,6,3,,,,,
35,ANDAMAN & NICOBAR ISLANDS,,,,,,,,,,,040000,ENGLISH ,7,5,2
35,ANDAMAN & NICOBAR ISLANDS,,,,,,040000,ENGLISH ,3,2,1,,,,,
35,ANDAMAN & NICOBAR ISLANDS,,,,,,,,,,,005000,GUJARATI,1,1,0
35,ANDAMAN & NICOBAR ISLANDS,,,,,,,,,,,006000,HINDI ,1,0,1
35,ANDAMAN & NICOBAR ISLANDS,020000,TAMIL ,57830,30865,26965,,,,,,,,,,
35,ANDAMAN & NICOBAR ISLANDS,,,,,,002000,BENGALI ,42,19,23,,,,,
35,ANDAMAN & NICOBAR ISLANDS,,,,,,,,,,,006000,HINDI ,13,6,7
35,ANDAMAN & NICOBAR ISLANDS,,,,,,,,,,,021000,TELUGU ,4,2,2
35,ANDAMAN & NICOBAR ISLANDS,,,,,,,,,,,040000,ENGLISH ,3,3,0
35,ANDAMAN & NICOBAR ISLANDS,,,,,,005000,GUJARATI,1,0,1,,,,,
35,ANDAMAN & NICOBAR ISLANDS,,,,,,006000,HINDI ,41835,23426,18409,,,,,
35,ANDAMAN & NICOBAR ISLANDS,,,,,,,,,,,002000,BENGALI ,396,269,127
35,ANDAMAN & NICOBAR ISLANDS,,,,,,,,,,,005000,GUJARATI,4,4,0
35,ANDAMAN & NICOBAR ISLANDS,,,,,,,,,,,007000,KANNADA,12,10,2
35,ANDAMAN & NICOBAR ISLANDS,,,,,,,,,,,009000,KONKANI,5,1,4
35,ANDAMAN & NICOBAR ISLANDS,,,,,,,,,,,011000,MALAYALAM,356,238,118
35,ANDAMAN & NICOBAR ISLANDS,,,,,,,,,,,013000,MARATHI ,1,1,0
35,ANDAMAN & NICOBAR ISLANDS,,,,,,,,,,,016000,PUNJABI ,2,2,0
35,ANDAMAN & NICOBAR ISLANDS,,,,,,,,,,,017000,SANSKRIT ,1,1,0
35,ANDAMAN & NICOBAR ISLANDS,,,,,,,,,,,021000,TELUGU ,1395,844,551
35,ANDAMAN & NICOBAR ISLANDS,,,,,,,,,,,022000,URDU,7,4,3
35,ANDAMAN & NICOBAR ISLANDS,,,,,,,,,,,028000,ARABIC/ARBI ,4,2,2
35,ANDAMAN & NICOBAR ISLANDS,,,,,,,,,,,040000,ENGLISH ,10442,6071,4371
35,ANDAMAN & NICOBAR ISLANDS,,,,,,,,,,,072000,KURUKH/ORAON ,1,1,0
35,ANDAMAN & NICOBAR ISLANDS,,,,,,,,,,,091000,MUNDA,2,1,1
35,ANDAMAN & NICOBAR ISLANDS,,,,,,,,,,,093000,NICOBARESE ,5,5,0
35,ANDAMAN & NICOBAR ISLANDS,,,,,,,,,,,124000,OTHERS,69,42,27
35,ANDAMAN & NICOBAR ISLANDS,,,,,,007000,KANNADA,10,5,5,,,,,
35,ANDAMAN & NICOBAR ISLANDS,,,,,,,,,,,006000,HINDI ,2,1,1
35,ANDAMAN & NICOBAR ISLANDS,,,,,,,,,,,021000,TELUGU ,3,1,2
35,ANDAMAN & NICOBAR ISLANDS,,,,,,,,,,,040000,ENGLISH ,1,0,1
35,ANDAMAN & NICOBAR ISLANDS,,,,,,011000,MALAYALAM,76,48,28,,,,,
35,ANDAMAN & NICOBAR ISLANDS,,,,,,,,,,,002000,BENGALI ,1,0,1
35,ANDAMAN & NICOBAR ISLANDS,,,,,,,,,,,006000,HINDI ,24,17,7
35,ANDAMAN & NICOBAR ISLANDS,,,,,,,,,,,021000,TELUGU ,2,1,1
35,ANDAMAN & NICOBAR ISLANDS,,,,,,,,,,,022000,URDU,1,1,0
35,ANDAMAN & NICOBAR ISLANDS,,,,,,,,,,,040000,ENGLISH ,14,8,6
35,ANDAMAN & NICOBAR ISLANDS,,,,,,015000,ODIA ,1,0,1,,,,,
35,ANDAMAN & NICOBAR ISLANDS,,,,,,021000,TELUGU ,265,142,123,,,,,
35,ANDAMAN & NICOBAR ISLANDS,,,,,,,,,,,002000,BENGALI ,1,1,0
35,ANDAMAN & NICOBAR ISLANDS,,,,,,,,,,,006000,HINDI ,125,78,47
35,ANDAMAN & NICOBAR ISLANDS,,,,,,,,,,,007000,KANNADA,2,2,0
35,ANDAMAN & NICOBAR ISLANDS,,,,,,,,,,,011000,MALAYALAM,2,0,2
35,ANDAMAN & NICOBAR ISLANDS,,,,,,,,,,,040000,ENGLISH ,19,9,10
35,ANDAMAN & NICOBAR ISLANDS,,,,,,022000,URDU,3,2,1,,,,,
35,ANDAMAN & NICOBAR ISLANDS,,,,,,,,,,,011000,MALAYALAM,1,1,0
35,ANDAMAN & NICOBAR ISLANDS,,,,,,028000,ARABIC/ARBI ,2,1,1,,,,,
35,ANDAMAN & NICOBAR ISLANDS,,,,,,,,,,,040000,ENGLISH ,2,1,1
35,ANDAMAN & NICOBAR ISLANDS,,,,,,040000,ENGLISH ,3663,2025,1638,,,,,
35,ANDAMAN & NICOBAR ISLANDS,,,,,,,,,,,002000,BENGALI ,1,1,0
35,ANDAMAN & NICOBAR ISLANDS,,,,,,,,,,,006000,HINDI ,1747,993,754
35,ANDAMAN & NICOBAR ISLANDS,,,,,,,,,,,007000,KANNADA,3,2,1
35,ANDAMAN & NICOBAR ISLANDS,,,,,,,,,,,011000,MALAYALAM,13,6,7
35,ANDAMAN & NICOBAR ISLANDS,,,,,,,,,,,021000,TELUGU ,18,12,6
35,ANDAMAN & NICOBAR ISLANDS,,,,,,,,,,,124000,OTHERS,1,1,0
35,ANDAMAN & NICOBAR ISLANDS,,,,,,072000,KURUKH/ORAON ,2,2,0,,,,,
35,ANDAMAN & NICOBAR ISLANDS,,,,,,,,,,,006000,HINDI ,1,1,0
35,ANDAMAN & NICOBAR ISLANDS,,,,,,093000,NICOBARESE ,5,2,3,,,,,
35,ANDAMAN & NICOBAR ISLANDS,,,,,,,,,,,006000,HINDI ,3,2,1
35,ANDAMAN & NICOBAR ISLANDS,,,,,,,,,,,040000,ENGLISH ,1,0,1
35,ANDAMAN & NICOBAR ISLANDS,,,,,,124000,OTHERS,10,2,8,,,,,
35,ANDAMAN & NICOBAR ISLANDS,,,,,,,,,,,006000,HINDI ,4,1,3
35,ANDAMAN & NICOBAR ISLANDS,021000,TELUGU ,50404,26213,24191,,,,,,,,,,
35,ANDAMAN & NICOBAR ISLANDS,,,,,,002000,BENGALI ,28,17,11,,,,,
35,ANDAMAN & NICOBAR ISLANDS,,,,,,,,,,,006000,HINDI ,12,8,4
35,ANDAMAN & NICOBAR ISLANDS,,,,,,,,,,,011000,MALAYALAM,2,1,1
35,ANDAMAN & NICOBAR ISLANDS,,,,,,,,,,,020000,TAMIL ,3,2,1
35,ANDAMAN & NICOBAR ISLANDS,,,,,,,,,,,040000,ENGLISH ,2,2,0
35,ANDAMAN & NICOBAR ISLANDS,,,,,,006000,HINDI ,38381,20638,17743,,,,,
35,ANDAMAN & NICOBAR ISLANDS,,,,,,,,,,,001000,ASSAMESE,4,0,4
35,ANDAMAN & NICOBAR ISLANDS,,,,,,,,,,,002000,BENGALI ,165,109,56
35,ANDAMAN & NICOBAR ISLANDS,,,,,,,,,,,005000,GUJARATI,2,1,1
35,ANDAMAN & NICOBAR ISLANDS,,,,,,,,,,,007000,KANNADA,2,2,0
35,ANDAMAN & NICOBAR ISLANDS,,,,,,,,,,,011000,MALAYALAM,27,15,12
35,ANDAMAN & NICOBAR ISLANDS,,,,,,,,,,,013000,MARATHI ,10,7,3
35,ANDAMAN & NICOBAR ISLANDS,,,,,,,,,,,015000,ODIA ,29,15,14
35,ANDAMAN & NICOBAR ISLANDS,,,,,,,,,,,016000,PUNJABI ,1,0,1
35,ANDAMAN & NICOBAR ISLANDS,,,,,,,,,,,020000,TAMIL ,2647,1667,980
35,ANDAMAN & NICOBAR ISLANDS,,,,,,,,,,,022000,URDU,4,1,3
35,ANDAMAN & NICOBAR ISLANDS,,,,,,,,,,,040000,ENGLISH ,7141,4165,2976
35,ANDAMAN & NICOBAR ISLANDS,,,,,,,,,,,093000,NICOBARESE ,1,1,0
35,ANDAMAN & NICOBAR ISLANDS,,,,,,,,,,,124000,OTHERS,10,5,5
35,ANDAMAN & NICOBAR ISLANDS,,,,,,011000,MALAYALAM,2,1,1,,,,,
35,ANDAMAN & NICOBAR ISLANDS,,,,,,,,,,,020000,TAMIL ,1,1,0
35,ANDAMAN & NICOBAR ISLANDS,,,,,,013000,MARATHI ,2,0,2,,,,,
35,ANDAMAN & NICOBAR ISLANDS,,,,,,,,,,,006000,HINDI ,1,0,1
35,ANDAMAN & NICOBAR ISLANDS,,,,,,,,,,,040000,ENGLISH ,1,0,1
35,ANDAMAN & NICOBAR ISLANDS,,,,,,015000,ODIA ,19,4,15,,,,,
35,ANDAMAN & NICOBAR ISLANDS,,,,,,,,,,,006000,HINDI ,9,2,7
35,ANDAMAN & NICOBAR ISLANDS,,,,,,016000,PUNJABI ,1,1,0,,,,,
35,ANDAMAN & NICOBAR ISLANDS,,,,,,020000,TAMIL ,413,213,200,,,,,
35,ANDAMAN & NICOBAR ISLANDS,,,,,,,,,,,001000,ASSAMESE,2,1,1
35,ANDAMAN & NICOBAR ISLANDS,,,,,,,,,,,002000,BENGALI ,3,2,1
35,ANDAMAN & NICOBAR ISLANDS,,,,,,,,,,,006000,HINDI ,184,99,85
35,ANDAMAN & NICOBAR ISLANDS,,,,,,,,,,,007000,KANNADA,1,0,1
35,ANDAMAN & NICOBAR ISLANDS,,,,,,,,,,,011000,MALAYALAM,2,1,1
35,ANDAMAN & NICOBAR ISLANDS,,,,,,,,,,,040000,ENGLISH ,44,29,15
35,ANDAMAN & NICOBAR ISLANDS,,,,,,022000,URDU,4,3,1,,,,,
35,ANDAMAN & NICOBAR ISLANDS,,,,,,,,,,,006000,HINDI ,3,2,1
35,ANDAMAN & NICOBAR ISLANDS,,,,,,040000,ENGLISH ,1379,808,571,,,,,
35,ANDAMAN & NICOBAR ISLANDS,,,,,,,,,,,002000,BENGALI ,2,2,0
35,ANDAMAN & NICOBAR ISLANDS,,,,,,,,,,,006000,HINDI ,852,512,340
35,ANDAMAN & NICOBAR ISLANDS,,,,,,,,,,,011000,MALAYALAM,2,0,2
35,ANDAMAN & NICOBAR ISLANDS,,,,,,,,,,,013000,MARATHI ,2,0,2
35,ANDAMAN & NICOBAR ISLANDS,,,,,,,,,,,016000,PUNJABI ,1,1,0
35,ANDAMAN & NICOBAR ISLANDS,,,,,,,,,,,020000,TAMIL ,16,12,4
35,ANDAMAN & NICOBAR ISLANDS,,,,,,,,,,,124000,OTHERS,1,1,0
35,ANDAMAN & NICOBAR ISLANDS,,,,,,124000,OTHERS,1,0,1,,,,,
35,ANDAMAN & NICOBAR ISLANDS,022000,URDU,1277,716,561,,,,,,,,,,
35,ANDAMAN & NICOBAR ISLANDS,,,,,,002000,BENGALI ,10,10,0,,,,,
35,ANDAMAN & NICOBAR ISLANDS,,,,,,,,,,,006000,HINDI ,2,2,0
35,ANDAMAN & NICOBAR ISLANDS,,,,,,,,,,,040000,ENGLISH ,2,2,0
35,ANDAMAN & NICOBAR ISLANDS,,,,,,006000,HINDI ,1034,592,442,,,,,
35,ANDAMAN & NICOBAR ISLANDS,,,,,,,,,,,002000,BENGALI ,12,8,4
35,ANDAMAN & NICOBAR ISLANDS,,,,,,,,,,,005000,GUJARATI,1,0,1
35,ANDAMAN & NICOBAR ISLANDS,,,,,,,,,,,011000,MALAYALAM,3,3,0
35,ANDAMAN & NICOBAR ISLANDS,,,,,,,,,,,016000,PUNJABI ,1,0,1
35,ANDAMAN & NICOBAR ISLANDS,,,,,,,,,,,020000,TAMIL ,23,13,10
35,ANDAMAN & NICOBAR ISLANDS,,,,,,,,,,,021000,TELUGU ,2,1,1
35,ANDAMAN & NICOBAR ISLANDS,,,,,,,,,,,028000,ARABIC/ARBI ,4,2,2
35,ANDAMAN & NICOBAR ISLANDS,,,,,,,,,,,040000,ENGLISH ,414,244,170
35,ANDAMAN & NICOBAR ISLANDS,,,,,,011000,MALAYALAM,5,1,4,,,,,
35,ANDAMAN & NICOBAR ISLANDS,,,,,,,,,,,006000,HINDI ,2,1,1
35,ANDAMAN & NICOBAR ISLANDS,,,,,,,,,,,040000,ENGLISH ,2,0,2
35,ANDAMAN & NICOBAR ISLANDS,,,,,,020000,TAMIL ,8,5,3,,,,,
35,ANDAMAN & NICOBAR ISLANDS,,,,,,,,,,,006000,HINDI ,6,4,2
35,ANDAMAN & NICOBAR ISLANDS,,,,,,,,,,,040000,ENGLISH ,1,1,0
35,ANDAMAN & NICOBAR ISLANDS,,,,,,021000,TELUGU ,4,3,1,,,,,
35,ANDAMAN & NICOBAR ISLANDS,,,,,,,,,,,006000,HINDI ,3,2,1
35,ANDAMAN & NICOBAR ISLANDS,,,,,,,,,,,040000,ENGLISH ,1,1,0
35,ANDAMAN & NICOBAR ISLANDS,,,,,,028000,ARABIC/ARBI ,2,2,0,,,,,
35,ANDAMAN & NICOBAR ISLANDS,,,,,,,,,,,006000,HINDI ,2,2,0
35,ANDAMAN & NICOBAR ISLANDS,,,,,,040000,ENGLISH ,90,47,43,,,,,
35,ANDAMAN & NICOBAR ISLANDS,,,,,,,,,,,002000,BENGALI ,1,1,0
35,ANDAMAN & NICOBAR ISLANDS,,,,,,,,,,,006000,HINDI ,65,35,30
35,ANDAMAN & NICOBAR ISLANDS,,,,,,,,,,,020000,TAMIL ,2,1,1
35,ANDAMAN & NICOBAR ISLANDS,,,,,,,,,,,028000,ARABIC/ARBI ,2,1,1
35,ANDAMAN & NICOBAR ISLANDS,026000,ANGAMI ,1,1,0,,,,,,,,,,
35,ANDAMAN & NICOBAR ISLANDS,,,,,,006000,HINDI ,1,1,0,,,,,
35,ANDAMAN & NICOBAR ISLANDS,,,,,,,,,,,040000,ENGLISH ,1,1,0
35,ANDAMAN & NICOBAR ISLANDS,028000,ARABIC/ARBI ,4,3,1,,,,,,,,,,
35,ANDAMAN & NICOBAR ISLANDS,,,,,,006000,HINDI ,4,3,1,,,,,
35,ANDAMAN & NICOBAR ISLANDS,030000,BHILI/BHILODI ,3,3,0,,,,,,,,,,
35,ANDAMAN & NICOBAR ISLANDS,,,,,,006000,HINDI ,3,3,0,,,,,
35,ANDAMAN & NICOBAR ISLANDS,,,,,,,,,,,040000,ENGLISH ,2,2,0
35,ANDAMAN & NICOBAR ISLANDS,031000,BHOTIA ,1,1,0,,,,,,,,,,
35,ANDAMAN & NICOBAR ISLANDS,,,,,,014000,NEPALI ,1,1,0,,,,,
35,ANDAMAN & NICOBAR ISLANDS,,,,,,,,,,,040000,ENGLISH ,1,1,0
35,ANDAMAN & NICOBAR ISLANDS,032000,BHUMIJ ,378,193,185,,,,,,,,,,
35,ANDAMAN & NICOBAR ISLANDS,035000,CHAKRU/CHOKRI ,5,2,3,,,,,,,,,,
35,ANDAMAN & NICOBAR ISLANDS,,,,,,006000,HINDI ,4,2,2,,,,,
35,ANDAMAN & NICOBAR ISLANDS,,,,,,,,,,,040000,ENGLISH ,3,2,1
35,ANDAMAN & NICOBAR ISLANDS,037000,COORGI/KODAGU ,26,12,14,,,,,,,,,,
35,ANDAMAN & NICOBAR ISLANDS,,,,,,006000,HINDI ,25,11,14,,,,,
35,ANDAMAN & NICOBAR ISLANDS,,,,,,,,,,,015000,ODIA ,2,1,1
35,ANDAMAN & NICOBAR ISLANDS,,,,,,,,,,,040000,ENGLISH ,11,4,7
35,ANDAMAN & NICOBAR ISLANDS,039000,DIMASA ,2,2,0,,,,,,,,,,
35,ANDAMAN & NICOBAR ISLANDS,040000,ENGLISH ,69,49,20,,,,,,,,,,
35,ANDAMAN & NICOBAR ISLANDS,,,,,,002000,BENGALI ,1,1,0,,,,,
35,ANDAMAN & NICOBAR ISLANDS,,,,,,006000,HINDI ,52,39,13,,,,,
35,ANDAMAN & NICOBAR ISLANDS,,,,,,,,,,,002000,BENGALI ,3,3,0
35,ANDAMAN & NICOBAR ISLANDS,,,,,,,,,,,013000,MARATHI ,1,0,1
35,ANDAMAN & NICOBAR ISLANDS,,,,,,,,,,,020000,TAMIL ,2,2,0
35,ANDAMAN & NICOBAR ISLANDS,,,,,,,,,,,093000,NICOBARESE ,5,3,2
35,ANDAMAN & NICOBAR ISLANDS,,,,,,,,,,,124000,OTHERS,1,1,0
35,ANDAMAN & NICOBAR ISLANDS,,,,,,021000,TELUGU ,1,1,0,,,,,
35,ANDAMAN & NICOBAR ISLANDS,,,,,,,,,,,006000,HINDI ,1,1,0
35,ANDAMAN & NICOBAR ISLANDS,043000,GARO ,1,0,1,,,,,,,,,,
35,ANDAMAN & NICOBAR ISLANDS,,,,,,006000,HINDI ,1,0,1,,,,,
35,ANDAMAN & NICOBAR ISLANDS,,,,,,,,,,,040000,ENGLISH ,1,0,1
35,ANDAMAN & NICOBAR ISLANDS,044000,GONDI,4,2,2,,,,,,,,,,
35,ANDAMAN & NICOBAR ISLANDS,,,,,,006000,HINDI ,3,1,2,,,,,
35,ANDAMAN & NICOBAR ISLANDS,,,,,,,,,,,040000,ENGLISH ,1,0,1
35,ANDAMAN & NICOBAR ISLANDS,,,,,,040000,ENGLISH ,1,1,0,,,,,
35,ANDAMAN & NICOBAR ISLANDS,048000,HO,3,3,0,,,,,,,,,,
35,ANDAMAN & NICOBAR ISLANDS,,,,,,006000,HINDI ,3,3,0,,,,,
35,ANDAMAN & NICOBAR ISLANDS,052000,KARBI/MIKIR ,1,0,1,,,,,,,,,,
35,ANDAMAN & NICOBAR ISLANDS,,,,,,040000,ENGLISH ,1,0,1,,,,,
35,ANDAMAN & NICOBAR ISLANDS,,,,,,,,,,,006000,HINDI ,1,0,1
35,ANDAMAN & NICOBAR ISLANDS,054000,KHARIA ,4069,2123,1946,,,,,,,,,,
35,ANDAMAN & NICOBAR ISLANDS,,,,,,006000,HINDI ,3512,1839,1673,,,,,
35,ANDAMAN & NICOBAR ISLANDS,,,,,,,,,,,002000,BENGALI ,25,14,11
35,ANDAMAN & NICOBAR ISLANDS,,,,,,,,,,,020000,TAMIL ,9,7,2
35,ANDAMAN & NICOBAR ISLANDS,,,,,,,,,,,021000,TELUGU ,1,0,1
35,ANDAMAN & NICOBAR ISLANDS,,,,,,,,,,,023000,ADI ,1,1,0
35,ANDAMAN & NICOBAR ISLANDS,,,,,,,,,,,040000,ENGLISH ,441,241,200
35,ANDAMAN & NICOBAR ISLANDS,,,,,,,,,,,072000,KURUKH/ORAON ,4,2,2
35,ANDAMAN & NICOBAR ISLANDS,,,,,,,,,,,092000,MUNDARI ,3,2,1
35,ANDAMAN & NICOBAR ISLANDS,,,,,,,,,,,124000,OTHERS,4,2,2
35,ANDAMAN & NICOBAR ISLANDS,,,,,,021000,TELUGU ,1,1,0,,,,,
35,ANDAMAN & NICOBAR ISLANDS,,,,,,040000,ENGLISH ,77,41,36,,,,,
35,ANDAMAN & NICOBAR ISLANDS,,,,,,,,,,,006000,HINDI ,59,30,29
35,ANDAMAN & NICOBAR ISLANDS,,,,,,,,,,,015000,ODIA ,1,0,1
35,ANDAMAN & NICOBAR ISLANDS,,,,,,,,,,,017000,SANSKRIT ,1,1,0
35,ANDAMAN & NICOBAR ISLANDS,,,,,,072000,KURUKH/ORAON ,1,1,0,,,,,
35,ANDAMAN & NICOBAR ISLANDS,,,,,,,,,,,006000,HINDI ,1,1,0
35,ANDAMAN & NICOBAR ISLANDS,,,,,,092000,MUNDARI ,2,0,2,,,,,
35,ANDAMAN & NICOBAR ISLANDS,,,,,,,,,,,006000,HINDI ,2,0,2
35,ANDAMAN & NICOBAR ISLANDS,055000,KHASI ,10,5,5,,,,,,,,,,
35,ANDAMAN & NICOBAR ISLANDS,,,,,,006000,HINDI ,7,3,4,,,,,
35,ANDAMAN & NICOBAR ISLANDS,,,,,,,,,,,040000,ENGLISH ,4,2,2
35,ANDAMAN & NICOBAR ISLANDS,,,,,,040000,ENGLISH ,3,2,1,,,,,
35,ANDAMAN & NICOBAR ISLANDS,058000,KHOND/KONDH ,1,1,0,,,,,,,,,,
35,ANDAMAN & NICOBAR ISLANDS,,,,,,006000,HINDI ,1,1,0,,,,,
35,ANDAMAN & NICOBAR ISLANDS,060000,KISAN ,1,0,1,,,,,,,,,,
35,ANDAMAN & NICOBAR ISLANDS,,,,,,040000,ENGLISH ,1,0,1,,,,,
35,ANDAMAN & NICOBAR ISLANDS,,,,,,,,,,,006000,HINDI ,1,0,1
35,ANDAMAN & NICOBAR ISLANDS,067000,KORKU ,1,1,0,,,,,,,,,,
35,ANDAMAN & NICOBAR ISLANDS,,,,,,006000,HINDI ,1,1,0,,,,,
35,ANDAMAN & NICOBAR ISLANDS,071000,KUKI,5,3,2,,,,,,,,,,
35,ANDAMAN & NICOBAR ISLANDS,,,,,,006000,HINDI ,1,1,0,,,,,
35,ANDAMAN & NICOBAR ISLANDS,,,,,,,,,,,040000,ENGLISH ,1,1,0
35,ANDAMAN & NICOBAR ISLANDS,,,,,,040000,ENGLISH ,4,2,2,,,,,
35,ANDAMAN & NICOBAR ISLANDS,,,,,,,,,,,006000,HINDI ,4,2,2
35,ANDAMAN & NICOBAR ISLANDS,072000,KURUKH/ORAON ,15064,7780,7284,,,,,,,,,,
35,ANDAMAN & NICOBAR ISLANDS,,,,,,002000,BENGALI ,6,5,1,,,,,
35,ANDAMAN & NICOBAR ISLANDS,,,,,,,,,,,006000,HINDI ,4,4,0
35,ANDAMAN & NICOBAR ISLANDS,,,,,,006000,HINDI ,13033,6755,6278,,,,,
35,ANDAMAN & NICOBAR ISLANDS,,,,,,,,,,,002000,BENGALI ,85,49,36
35,ANDAMAN & NICOBAR ISLANDS,,,,,,,,,,,005000,GUJARATI,1,1,0
35,ANDAMAN & NICOBAR ISLANDS,,,,,,,,,,,011000,MALAYALAM,4,4,0
35,ANDAMAN & NICOBAR ISLANDS,,,,,,,,,,,013000,MARATHI ,1,0,1
35,ANDAMAN & NICOBAR ISLANDS,,,,,,,,,,,015000,ODIA ,10,6,4
35,ANDAMAN & NICOBAR ISLANDS,,,,,,,,,,,016000,PUNJABI ,1,0,1
35,ANDAMAN & NICOBAR ISLANDS,,,,,,,,,,,017000,SANSKRIT ,1,1,0
35,ANDAMAN & NICOBAR ISLANDS,,,,,,,,,,,020000,TAMIL ,30,21,9
35,ANDAMAN & NICOBAR ISLANDS,,,,,,,,,,,021000,TELUGU ,13,7,6
35,ANDAMAN & NICOBAR ISLANDS,,,,,,,,,,,028000,ARABIC/ARBI ,4,1,3
35,ANDAMAN & NICOBAR ISLANDS,,,,,,,,,,,040000,ENGLISH ,1586,793,793
35,ANDAMAN & NICOBAR ISLANDS,,,,,,,,,,,054000,KHARIA ,1,1,0
35,ANDAMAN & NICOBAR ISLANDS,,,,,,,,,,,091000,MUNDA,1,1,0
35,ANDAMAN & NICOBAR ISLANDS,,,,,,,,,,,092000,MUNDARI ,1,1,0
35,ANDAMAN & NICOBAR ISLANDS,,,,,,,,,,,093000,NICOBARESE ,1,1,0
35,ANDAMAN & NICOBAR ISLANDS,,,,,,,,,,,124000,OTHERS,16,8,8
35,ANDAMAN & NICOBAR ISLANDS,,,,,,011000,MALAYALAM,2,2,0,,,,,
35,ANDAMAN & NICOBAR ISLANDS,,,,,,015000,ODIA ,2,1,1,,,,,
35,ANDAMAN & NICOBAR ISLANDS,,,,,,016000,PUNJABI ,1,0,1,,,,,
35,ANDAMAN & NICOBAR ISLANDS,,,,,,,,,,,006000,HINDI ,1,0,1
35,ANDAMAN & NICOBAR ISLANDS,,,,,,020000,TAMIL ,6,3,3,,,,,
35,ANDAMAN & NICOBAR ISLANDS,,,,,,,,,,,006000,HINDI ,1,0,1
35,ANDAMAN & NICOBAR ISLANDS,,,,,,,,,,,040000,ENGLISH ,1,0,1
35,ANDAMAN & NICOBAR ISLANDS,,,,,,040000,ENGLISH ,206,99,107,,,,,
35,ANDAMAN & NICOBAR ISLANDS,,,,,,,,,,,006000,HINDI ,172,81,91
35,ANDAMAN & NICOBAR ISLANDS,,,,,,,,,,,020000,TAMIL ,1,0,1
35,ANDAMAN & NICOBAR ISLANDS,,,,,,054000,KHARIA ,6,2,4,,,,,
35,ANDAMAN & NICOBAR ISLANDS,,,,,,,,,,,006000,HINDI ,4,1,3
35,ANDAMAN & NICOBAR ISLANDS,,,,,,091000,MUNDA,1,0,1,,,,,
35,ANDAMAN & NICOBAR ISLANDS,,,,,,093000,NICOBARESE ,1,1,0,,,,,
35,ANDAMAN & NICOBAR ISLANDS,076000,LAKHER,1,1,0,,,,,,,,,,
35,ANDAMAN & NICOBAR ISLANDS,,,,,,006000,HINDI ,1,1,0,,,,,
35,ANDAMAN & NICOBAR ISLANDS,,,,,,,,,,,040000,ENGLISH ,1,1,0
35,ANDAMAN & NICOBAR ISLANDS,078000,LEPCHA ,1,1,0,,,,,,,,,,
35,ANDAMAN & NICOBAR ISLANDS,,,,,,006000,HINDI ,1,1,0,,,,,
35,ANDAMAN & NICOBAR ISLANDS,,,,,,,,,,,002000,BENGALI ,1,1,0
35,ANDAMAN & NICOBAR ISLANDS,081000,LOTHA ,6,3,3,,,,,,,,,,
35,ANDAMAN & NICOBAR ISLANDS,,,,,,006000,HINDI ,3,2,1,,,,,
35,ANDAMAN & NICOBAR ISLANDS,,,,,,,,,,,040000,ENGLISH ,3,2,1
35,ANDAMAN & NICOBAR ISLANDS,082000,LUSHAI/MIZO ,11,5,6,,,,,,,,,,
35,ANDAMAN & NICOBAR ISLANDS,,,,,,006000,HINDI ,4,1,3,,,,,
35,ANDAMAN & NICOBAR ISLANDS,,,,,,,,,,,040000,ENGLISH ,2,1,1
35,ANDAMAN & NICOBAR ISLANDS,,,,,,040000,ENGLISH ,3,3,0,,,,,
35,ANDAMAN & NICOBAR ISLANDS,,,,,,,,,,,006000,HINDI ,1,1,0
35,ANDAMAN & NICOBAR ISLANDS,084000,MAO,2,2,0,,,,,,,,,,
35,ANDAMAN & NICOBAR ISLANDS,,,,,,006000,HINDI ,1,1,0,,,,,
35,ANDAMAN & NICOBAR ISLANDS,,,,,,,,,,,040000,ENGLISH ,1,1,0
35,ANDAMAN & NICOBAR ISLANDS,,,,,,040000,ENGLISH ,1,1,0,,,,,
35,ANDAMAN & NICOBAR ISLANDS,,,,,,,,,,,006000,HINDI ,1,1,0
35,ANDAMAN & NICOBAR ISLANDS,086000,MARING ,1,1,0,,,,,,,,,,
35,ANDAMAN & NICOBAR ISLANDS,,,,,,040000,ENGLISH ,1,1,0,,,,,
35,ANDAMAN & NICOBAR ISLANDS,,,,,,,,,,,006000,HINDI ,1,1,0
35,ANDAMAN & NICOBAR ISLANDS,091000,MUNDA,3797,2039,1758,,,,,,,,,,
35,ANDAMAN & NICOBAR ISLANDS,,,,,,002000,BENGALI ,5,3,2,,,,,
35,ANDAMAN & NICOBAR ISLANDS,,,,,,,,,,,006000,HINDI ,1,0,1
35,ANDAMAN & NICOBAR ISLANDS,,,,,,006000,HINDI ,3245,1774,1471,,,,,
35,ANDAMAN & NICOBAR ISLANDS,,,,,,,,,,,002000,BENGALI ,39,23,16
35,ANDAMAN & NICOBAR ISLANDS,,,,,,,,,,,011000,MALAYALAM,1,1,0
35,ANDAMAN & NICOBAR ISLANDS,,,,,,,,,,,015000,ODIA ,2,2,0
35,ANDAMAN & NICOBAR ISLANDS,,,,,,,,,,,017000,SANSKRIT ,1,1,0
35,ANDAMAN & NICOBAR ISLANDS,,,,,,,,,,,020000,TAMIL ,7,5,2
35,ANDAMAN & NICOBAR ISLANDS,,,,,,,,,,,040000,ENGLISH ,390,211,179
35,ANDAMAN & NICOBAR ISLANDS,,,,,,,,,,,054000,KHARIA ,2,0,2
35,ANDAMAN & NICOBAR ISLANDS,,,,,,,,,,,072000,KURUKH/ORAON ,3,1,2
35,ANDAMAN & NICOBAR ISLANDS,,,,,,,,,,,124000,OTHERS,5,3,2
35,ANDAMAN & NICOBAR ISLANDS,,,,,,020000,TAMIL ,2,2,0,,,,,
35,ANDAMAN & NICOBAR ISLANDS,,,,,,,,,,,006000,HINDI ,2,2,0
35,ANDAMAN & NICOBAR ISLANDS,,,,,,040000,ENGLISH ,34,19,15,,,,,
35,ANDAMAN & NICOBAR ISLANDS,,,,,,,,,,,006000,HINDI ,23,12,11
35,ANDAMAN & NICOBAR ISLANDS,,,,,,092000,MUNDARI ,2,1,1,,,,,
35,ANDAMAN & NICOBAR ISLANDS,,,,,,,,,,,006000,HINDI ,2,1,1
35,ANDAMAN & NICOBAR ISLANDS,,,,,,124000,OTHERS,1,1,0,,,,,
35,ANDAMAN & NICOBAR ISLANDS,,,,,,,,,,,006000,HINDI ,1,1,0
35,ANDAMAN & NICOBAR ISLANDS,092000,MUNDARI ,833,447,386,,,,,,,,,,
35,ANDAMAN & NICOBAR ISLANDS,,,,,,006000,HINDI ,713,393,320,,,,,
35,ANDAMAN & NICOBAR ISLANDS,,,,,,,,,,,002000,BENGALI ,1,1,0
35,ANDAMAN & NICOBAR ISLANDS,,,,,,,,,,,019000,SINDHI,1,1,0
35,ANDAMAN & NICOBAR ISLANDS,,,,,,,,,,,021000,TELUGU ,3,2,1
35,ANDAMAN & NICOBAR ISLANDS,,,,,,,,,,,040000,ENGLISH ,73,37,36
35,ANDAMAN & NICOBAR ISLANDS,,,,,,,,,,,072000,KURUKH/ORAON ,1,1,0
35,ANDAMAN & NICOBAR ISLANDS,,,,,,011000,MALAYALAM,2,1,1,,,,,
35,ANDAMAN & NICOBAR ISLANDS,,,,,,,,,,,006000,HINDI ,1,0,1
35,ANDAMAN & NICOBAR ISLANDS,,,,,,020000,TAMIL ,1,0,1,,,,,
35,ANDAMAN & NICOBAR ISLANDS,,,,,,,,,,,006000,HINDI ,1,0,1
35,ANDAMAN & NICOBAR ISLANDS,,,,,,040000,ENGLISH ,17,6,11,,,,,
35,ANDAMAN & NICOBAR ISLANDS,,,,,,,,,,,006000,HINDI ,10,3,7
35,ANDAMAN & NICOBAR ISLANDS,093000,NICOBARESE ,28912,14876,14036,,,,,,,,,,
35,ANDAMAN & NICOBAR ISLANDS,,,,,,002000,BENGALI ,2,0,2,,,,,
35,ANDAMAN & NICOBAR ISLANDS,,,,,,,,,,,006000,HINDI ,1,0,1
35,ANDAMAN & NICOBAR ISLANDS,,,,,,006000,HINDI ,17888,9853,8035,,,,,
35,ANDAMAN & NICOBAR ISLANDS,,,,,,,,,,,002000,BENGALI ,4,2,2
35,ANDAMAN & NICOBAR ISLANDS,,,,,,,,,,,011000,MALAYALAM,1,1,0
35,ANDAMAN & NICOBAR ISLANDS,,,,,,,,,,,020000,TAMIL ,19,12,7
35,ANDAMAN & NICOBAR ISLANDS,,,,,,,,,,,040000,ENGLISH ,3154,1773,1381
35,ANDAMAN & NICOBAR ISLANDS,,,,,,,,,,,124000,OTHERS,2,2,0
35,ANDAMAN & NICOBAR ISLANDS,,,,,,020000,TAMIL ,4,3,1,,,,,
35,ANDAMAN & NICOBAR ISLANDS,,,,,,,,,,,006000,HINDI ,1,1,0
35,ANDAMAN & NICOBAR ISLANDS,,,,,,040000,ENGLISH ,306,165,141,,,,,
35,ANDAMAN & NICOBAR ISLANDS,,,,,,,,,,,006000,HINDI ,210,111,99
35,ANDAMAN & NICOBAR ISLANDS,,,,,,124000,OTHERS,2,0,2,,,,,
35,ANDAMAN & NICOBAR ISLANDS,,,,,,,,,,,040000,ENGLISH ,1,0,1
35,ANDAMAN & NICOBAR ISLANDS,096000,PAITE,1,1,0,,,,,,,,,,
35,ANDAMAN & NICOBAR ISLANDS,,,,,,006000,HINDI ,1,1,0,,,,,
35,ANDAMAN & NICOBAR ISLANDS,,,,,,,,,,,040000,ENGLISH ,1,1,0
35,ANDAMAN & NICOBAR ISLANDS,100000,PHOM ,2,1,1,,,,,,,,,,
35,ANDAMAN & NICOBAR ISLANDS,,,,,,040000,ENGLISH ,2,1,1,,,,,
35,ANDAMAN & NICOBAR ISLANDS,,,,,,,,,,,006000,HINDI ,1,1,0
35,ANDAMAN & NICOBAR ISLANDS,103000,RAI ,1,1,0,,,,,,,,,,
35,ANDAMAN & NICOBAR ISLANDS,,,,,,006000,HINDI ,1,1,0,,,,,
35,ANDAMAN & NICOBAR ISLANDS,106000,SAVARA,9,4,5,,,,,,,,,,
35,ANDAMAN & NICOBAR ISLANDS,,,,,,006000,HINDI ,8,4,4,,,,,
35,ANDAMAN & NICOBAR ISLANDS,,,,,,040000,ENGLISH ,1,0,1,,,,,
35,ANDAMAN & NICOBAR ISLANDS,,,,,,,,,,,006000,HINDI ,1,0,1
35,ANDAMAN & NICOBAR ISLANDS,114000,THADO ,4,3,1,,,,,,,,,,
35,ANDAMAN & NICOBAR ISLANDS,,,,,,006000,HINDI ,1,1,0,,,,,
35,ANDAMAN & NICOBAR ISLANDS,,,,,,,,,,,040000,ENGLISH ,1,1,0
35,ANDAMAN & NICOBAR ISLANDS,,,,,,040000,ENGLISH ,2,1,1,,,,,
35,ANDAMAN & NICOBAR ISLANDS,,,,,,,,,,,006000,HINDI ,2,1,1
35,ANDAMAN & NICOBAR ISLANDS,115000,TIBETAN ,1,1,0,,,,,,,,,,
35,ANDAMAN & NICOBAR ISLANDS,,,,,,006000,HINDI ,1,1,0,,,,,
35,ANDAMAN & NICOBAR ISLANDS,,,,,,,,,,,040000,ENGLISH ,1,1,0
35,ANDAMAN & NICOBAR ISLANDS,116000,TRIPURI ,26,23,3,,,,,,,,,,
35,ANDAMAN & NICOBAR ISLANDS,,,,,,002000,BENGALI ,3,3,0,,,,,
35,ANDAMAN & NICOBAR ISLANDS,,,,,,006000,HINDI ,19,17,2,,,,,
35,ANDAMAN & NICOBAR ISLANDS,,,,,,,,,,,002000,BENGALI ,16,16,0
35,ANDAMAN & NICOBAR ISLANDS,,,,,,,,,,,040000,ENGLISH ,1,1,0
35,ANDAMAN & NICOBAR ISLANDS,,,,,,040000,ENGLISH ,2,1,1,,,,,
35,ANDAMAN & NICOBAR ISLANDS,118000,VAIPHEI ,5,2,3,,,,,,,,,,
35,ANDAMAN & NICOBAR ISLANDS,,,,,,006000,HINDI ,4,2,2,,,,,
35,ANDAMAN & NICOBAR ISLANDS,,,,,,,,,,,040000,ENGLISH ,4,2,2
35,ANDAMAN & NICOBAR ISLANDS,122000,ZEMI ,2,2,0,,,,,,,,,,
35,ANDAMAN & NICOBAR ISLANDS,,,,,,006000,HINDI ,2,2,0,,,,,
35,ANDAMAN & NICOBAR ISLANDS,,,,,,,,,,,040000,ENGLISH ,1,1,0
35,ANDAMAN & NICOBAR ISLANDS,123000,ZOU ,2,2,0,,,,,,,,,,
35,ANDAMAN & NICOBAR ISLANDS,,,,,,006000,HINDI ,1,1,0,,,,,
35,ANDAMAN & NICOBAR ISLANDS,,,,,,040000,ENGLISH ,1,1,0,,,,,
35,ANDAMAN & NICOBAR ISLANDS,,,,,,,,,,,012000,MANIPURI ,1,1,0
35,ANDAMAN & NICOBAR ISLANDS,124000,OTHERS,2915,1494,1421,,,,,,,,,,
35,ANDAMAN & NICOBAR ISLANDS,,,,,,006000,HINDI ,2107,1110,997,,,,,
35,ANDAMAN & NICOBAR ISLANDS,,,,,,,,,,,001000,ASSAMESE,1,0,1
35,ANDAMAN & NICOBAR ISLANDS,,,,,,,,,,,002000,BENGALI ,11,6,5
35,ANDAMAN & NICOBAR ISLANDS,,,,,,,,,,,011000,MALAYALAM,5,5,0
35,ANDAMAN & NICOBAR ISLANDS,,,,,,,,,,,014000,NEPALI ,1,1,0
35,ANDAMAN & NICOBAR ISLANDS,,,,,,,,,,,016000,PUNJABI ,1,1,0
35,ANDAMAN & NICOBAR ISLANDS,,,,,,,,,,,020000,TAMIL ,9,5,4
35,ANDAMAN & NICOBAR ISLANDS,,,,,,,,,,,021000,TELUGU ,1,0,1
35,ANDAMAN & NICOBAR ISLANDS,,,,,,,,,,,040000,ENGLISH ,485,246,239
35,ANDAMAN & NICOBAR ISLANDS,,,,,,,,,,,093000,NICOBARESE ,3,1,2
35,ANDAMAN & NICOBAR ISLANDS,,,,,,016000,PUNJABI ,3,1,2,,,,,
35,ANDAMAN & NICOBAR ISLANDS,,,,,,,,,,,006000,HINDI ,2,0,2
35,ANDAMAN & NICOBAR ISLANDS,,,,,,020000,TAMIL ,4,3,1,,,,,
35,ANDAMAN & NICOBAR ISLANDS,,,,,,,,,,,006000,HINDI ,2,2,0
35,ANDAMAN & NICOBAR ISLANDS,,,,,,040000,ENGLISH ,15,7,8,,,,,
35,ANDAMAN & NICOBAR ISLANDS,,,,,,,,,,,006000,HINDI ,7,4,3
35,ANDAMAN & NICOBAR ISLANDS,,,,,,093000,NICOBARESE ,4,2,2,,,,,
